{"stats":{"minecraft:dropped":{"minecraft:water_bucket":1,"candlelight:cooking_hat":1},"minecraft:custom":{"minecraft:time_since_rest":27907,"minecraft:open_chest":91,"minecraft:waystone_activated":2,"minecraft:damage_taken":294,"minecraft:sprint_one_cm":29430,"minecraft:play_time":86544,"minecraft:deaths":1,"minecraft:walk_one_cm":179426,"minecraft:sneak_time":111,"minecraft:walk_under_water_one_cm":10984,"minecraft:mob_kills":2,"minecraft:drop":2,"minecraft:jump":277,"minecraft:damage_dealt":20,"minecraft:leave_game":1,"minecraft:walk_on_water_one_cm":2330,"minecraft:time_since_death":27878,"minecraft:climb_one_cm":19,"minecraft:total_world_time":86544,"minecraft:swim_one_cm":30290,"minecraft:fall_one_cm":5856,"minecraft:fly_one_cm":591898},"minecraft:used":{"minecraft:water_bucket":15,"biomesoplenty:jacaranda_door":1,"minecraft:torch":1,"block_factorys_bosses:corpse":1,"create:spruce_window_pane":59,"biomeswevegone:ebony_log":41,"alexsmobs:animal_dictionary":3,"minecraft:chest":13,"biomeswevegone:stripped_maple_log":16,"flying_stuff:skyrockcolumn":23,"minecraft:smooth_stone":130,"biomeswevegone:ebony_door":1,"biomeswevegone:stripped_ebony_log":1,"cataclysm:cursed_bow":3},"minecraft:picked_up":{"candlelight:cooking_hat":1,"minecraft:water_bucket":1,"projectvibrantjourneys:bark_mushroom":1,"minecraft:wheat_seeds":6,"minecraft:red_mushroom":1,"projectvibrantjourneys:orange_bark_mushroom":1,"minecraft:moss_carpet":2},"minecraft:killed":{"minecraft:villager":2},"minecraft:killed_by":{"alexsmobs:tasmanian_devil":1}},"DataVersion":3465}