{"stats":{"minecraft:dropped":{"candlelight:cooking_hat":1},"minecraft:custom":{"minecraft:time_since_rest":15907,"minecraft:open_chest":91,"minecraft:waystone_activated":2,"minecraft:damage_taken":294,"minecraft:sprint_one_cm":29373,"minecraft:play_time":74544,"minecraft:deaths":1,"minecraft:walk_one_cm":163013,"minecraft:sneak_time":68,"minecraft:walk_under_water_one_cm":10984,"minecraft:mob_kills":2,"minecraft:drop":1,"minecraft:jump":262,"minecraft:damage_dealt":20,"minecraft:leave_game":1,"minecraft:walk_on_water_one_cm":1776,"minecraft:time_since_death":15878,"minecraft:climb_one_cm":19,"minecraft:total_world_time":74544,"minecraft:swim_one_cm":30290,"minecraft:fall_one_cm":5856,"minecraft:fly_one_cm":556681},"minecraft:used":{"biomesoplenty:jacaranda_door":1,"minecraft:torch":1,"block_factorys_bosses:corpse":1,"create:spruce_window_pane":59,"alexsmobs:animal_dictionary":3,"minecraft:chest":13,"minecraft:smooth_stone":130,"cataclysm:cursed_bow":3},"minecraft:picked_up":{"candlelight:cooking_hat":1,"projectvibrantjourneys:bark_mushroom":1,"minecraft:wheat_seeds":2,"minecraft:red_mushroom":1,"projectvibrantjourneys:orange_bark_mushroom":1,"minecraft:moss_carpet":1},"minecraft:killed":{"minecraft:villager":2},"minecraft:killed_by":{"alexsmobs:tasmanian_devil":1}},"DataVersion":3465}