{"stats":{"minecraft:dropped":{"minecraft:water_bucket":2,"minecraft:stone_axe":1,"candlelight:cooking_hat":1,"biomeswevegone:ebony_door":1},"minecraft:custom":{"minecraft:time_since_rest":39907,"minecraft:waystone_activated":2,"minecraft:sprint_one_cm":30665,"minecraft:damage_taken":294,"minecraft:walk_one_cm":265856,"minecraft:mob_kills":2,"minecraft:drop":5,"minecraft:damage_dealt":20,"minecraft:swim_one_cm":30290,"minecraft:fly_one_cm":605074,"minecraft:open_chest":91,"minecraft:play_time":98544,"minecraft:deaths":1,"minecraft:sneak_time":128,"minecraft:walk_under_water_one_cm":10984,"minecraft:jump":316,"minecraft:leave_game":1,"minecraft:time_since_death":39878,"minecraft:walk_on_water_one_cm":2330,"minecraft:total_world_time":98544,"minecraft:climb_one_cm":19,"minecraft:fall_one_cm":5856},"minecraft:used":{"biomesoplenty:jacaranda_door":1,"minecraft:water_bucket":15,"block_factorys_bosses:corpse":1,"create:spruce_window_pane":59,"flying_stuff:polished_skyrock":109,"flying_stuff:polished_skyrock_stairs":9,"minecraft:chest":13,"biomeswevegone:ebony_log":165,"biomeswevegone:stripped_maple_log":61,"cataclysm:cursed_bow":3,"biomeswevegone:stripped_ebony_log":118,"minecraft:stone_axe":2,"biomeswevegone:ebony_door":1,"minecraft:torch":1,"biomeswevegone:ebony_fence":24,"alexsmobs:animal_dictionary":3,"flying_stuff:skyrockcolumn":23,"minecraft:smooth_stone":130},"minecraft:picked_up":{"biomeswevegone:ebony_door":1,"candlelight:cooking_hat":1,"minecraft:water_bucket":2,"projectvibrantjourneys:bark_mushroom":1,"minecraft:red_mushroom":1,"minecraft:moss_carpet":2,"minecraft:stone_axe":1,"minecraft:wheat_seeds":6,"projectvibrantjourneys:orange_bark_mushroom":1},"minecraft:killed":{"minecraft:villager":2},"minecraft:killed_by":{"alexsmobs:tasmanian_devil":1}},"DataVersion":3465}