{
  "create:root": {
    "criteria": {
      "0": "2025-08-26 06:37:40 +0000"
    },
    "done": true
  },
  "minecraft:recipes/decorations/crafting_table": {
    "criteria": {
      "unlock_right_away": "2025-08-26 06:37:40 +0000"
    },
    "done": true
  },
  "naturalist:recipes/food/cooked_egg": {
    "criteria": {
      "has_eggs": "2025-08-26 06:37:40 +0000"
    },
    "done": true
  },
  "iceandfire:iceandfire/root": {
    "criteria": {
      "tick": "2025-08-26 06:37:40 +0000"
    },
    "done": true
  },
  "born_in_chaos_v1:bornin_chaos": {
    "criteria": {
      "bornin_chaos_0": "2025-08-26 06:37:40 +0000"
    },
    "done": true
  },
  "farm_and_charm:main/find_wild_crops": {
    "criteria": {
      "oat": "2025-08-26 06:37:40 +0000",
      "wild_strawberry": "2025-08-26 06:37:40 +0000",
      "corn": "2025-08-26 06:37:40 +0000",
      "onion": "2025-08-26 06:37:40 +0000",
      "wild_corn": "2025-08-26 06:37:40 +0000",
      "wild_ribwort": "2025-08-26 06:37:40 +0000",
      "strawberry": "2025-08-26 06:37:40 +0000",
      "wild_nettle": "2025-08-26 06:37:40 +0000",
      "barley": "2025-08-26 06:37:40 +0000",
      "tomato": "2025-08-26 06:37:40 +0000",
      "lettuce": "2025-08-26 06:37:40 +0000",
      "wild_lettuce": "2025-08-26 06:37:40 +0000",
      "wild_tomatoes": "2025-08-26 06:37:40 +0000",
      "oat_seeds": "2025-08-26 06:37:40 +0000",
      "tomato_seeds": "2025-08-26 06:37:40 +0000",
      "barley_seeds": "2025-08-26 06:37:40 +0000",
      "strawberry_seeds": "2025-08-26 06:37:40 +0000",
      "lettuce_seeds": "2025-08-26 06:37:40 +0000",
      "kernels": "2025-08-26 06:37:40 +0000",
      "wild_barley": "2025-08-26 06:37:40 +0000",
      "wild_onion": "2025-08-26 06:37:40 +0000",
      "wild_oat": "2025-08-26 06:37:40 +0000"
    },
    "done": true
  },
  "meadow:main/root": {
    "criteria": {
      "seeds": "2025-08-26 06:37:40 +0000"
    },
    "done": true
  },
  "eeeabsmobs:eeeabsmobs/root": {
    "criteria": {
      "requirement": "2025-08-26 06:37:40 +0000"
    },
    "done": true
  },
  "herbalbrews:main/root": {
    "criteria": {
      "seeds": "2025-08-26 06:37:40 +0000"
    },
    "done": true
  },
  "vinery:main/root": {
    "criteria": {
      "seeds": "2025-08-26 06:37:40 +0000"
    },
    "done": true
  },
  "biomeswevegone:biomeswevegone/root": {
    "criteria": {
      "tick": "2025-08-26 06:37:40 +0000"
    },
    "done": true
  },
  "sosorgans:grant_book_on_first_join": {
    "criteria": {
      "tick": "2025-08-26 06:37:40 +0000"
    },
    "done": true
  },
  "bakery:main/root": {
    "criteria": {
      "seeds": "2025-08-26 06:37:40 +0000"
    },
    "done": true
  },
  "flying_stuff:sky_lands": {
    "criteria": {
      "sky_lands_0": "2025-08-26 06:37:40 +0000"
    },
    "done": true
  },
  "cataclysm:root": {
    "criteria": {
      "custom_test_name": "2025-08-26 06:37:40 +0000"
    },
    "done": true
  },
  "lilis_lucky_lures:main/root": {
    "criteria": {
      "lilis_lucky_lures": "2025-08-26 06:37:40 +0000"
    },
    "done": true
  },
  "farmersdelight:main/root": {
    "criteria": {
      "seeds": "2025-08-26 06:37:40 +0000"
    },
    "done": true
  },
  "brewery:main/root": {
    "criteria": {
      "seeds": "2025-08-26 06:37:40 +0000"
    },
    "done": true
  },
  "candlelight:main/root": {
    "criteria": {
      "seeds": "2025-08-26 06:37:40 +0000"
    },
    "done": true
  },
  "biomesoplenty:biomesoplenty/root": {
    "criteria": {
      "pasture": "2025-08-26 06:37:41 +0000"
    },
    "done": true
  },
  "sleepy_hollows:main/root": {
    "criteria": {
      "example_criterion": "2025-08-26 06:37:41 +0000"
    },
    "done": true
  },
  "beachparty:main/root": {
    "criteria": {
      "example_criterion": "2025-08-26 06:37:41 +0000"
    },
    "done": true
  },
  "regions_unexplored:parent": {
    "criteria": {
      "load_in_world": "2025-08-26 06:37:41 +0000"
    },
    "done": true
  },
  "biomesoplenty:biomesoplenty/all_biomes": {
    "criteria": {
      "woodland": "2025-08-26 06:45:16 +0000",
      "scrubland": "2025-08-26 06:44:20 +0000",
      "highland": "2025-08-29 05:54:36 +0000",
      "jade_cliffs": "2025-08-26 06:42:41 +0000",
      "overgrown_greens": "2025-08-26 06:45:34 +0000",
      "redwood_forest": "2025-08-26 06:45:35 +0000",
      "pasture": "2025-08-26 06:37:41 +0000",
      "prairie": "2025-08-26 06:41:26 +0000",
      "rainforest": "2025-08-26 06:45:32 +0000"
    },
    "done": false
  },
  "farm_and_charm:main/root": {
    "criteria": {
      "example_criterion": "2025-08-26 06:37:41 +0000"
    },
    "done": true
  },
  "minecraft:adventure/adventuring_time": {
    "criteria": {
      "minecraft:beach": "2025-08-26 06:45:18 +0000",
      "minecraft:lukewarm_ocean": "2025-08-26 06:48:06 +0000",
      "minecraft:river": "2025-08-26 06:45:09 +0000",
      "minecraft:stony_shore": "2025-08-26 06:38:33 +0000",
      "minecraft:jagged_peaks": "2025-08-26 06:42:12 +0000",
      "minecraft:ocean": "2025-08-26 06:48:02 +0000",
      "minecraft:old_growth_spruce_taiga": "2025-08-29 05:56:24 +0000",
      "minecraft:frozen_peaks": "2025-08-26 06:42:14 +0000"
    },
    "done": false
  },
  "biomeswevegone:biomeswevegone/adventure/root": {
    "criteria": {
      "biomeswevegone:temperate_grove": "2025-08-26 06:41:55 +0000"
    },
    "done": true
  },
  "biomeswevegone:biomeswevegone/adventure/oh_the_biomes_weve_gone": {
    "criteria": {
      "biomeswevegone:sakura_grove": "2025-08-26 07:26:34 +0000",
      "biomeswevegone:temperate_grove": "2025-08-26 06:41:55 +0000",
      "biomeswevegone:lush_stacks": "2025-08-26 06:48:15 +0000",
      "biomeswevegone:amaranth_grassland": "2025-08-26 06:45:13 +0000",
      "biomeswevegone:aspen_boreal": "2025-08-26 06:47:13 +0000",
      "biomeswevegone:shattered_glacier": "2025-08-26 06:41:57 +0000",
      "biomeswevegone:allium_shrubland": "2025-08-26 06:45:41 +0000"
    },
    "done": false
  },
  "regions_unexplored:regions_explored": {
    "criteria": {
      "mountains": "2025-08-26 06:42:23 +0000",
      "deciduous_forest": "2025-08-26 06:45:01 +0000",
      "pine_slopes": "2025-08-26 06:43:12 +0000"
    },
    "done": false
  },
  "regions_unexplored:pioneer": {
    "criteria": {
      "mountains": "2025-08-26 06:42:23 +0000",
      "deciduous_forest": "2025-08-26 06:45:01 +0000",
      "pine_slopes": "2025-08-26 06:43:12 +0000"
    },
    "done": false
  },
  "alexsmobs:alexsmobs/root": {
    "criteria": {
      "useitem": "2025-08-26 06:44:36 +0000"
    },
    "done": true
  },
  "biomeswevegone:biomeswevegone/husbandry/root": {
    "criteria": {
      "consumed_item": "2025-08-26 06:44:36 +0000"
    },
    "done": true
  },
  "minecraft:husbandry/root": {
    "criteria": {
      "consumed_item": "2025-08-26 06:44:36 +0000"
    },
    "done": true
  },
  "beachparty:main/welcome_to_the_beach": {
    "criteria": {
      "enter_beach": "2025-08-26 06:45:18 +0000"
    },
    "done": true
  },
  "regions_unexplored:recipes/transportation/maple_boat": {
    "criteria": {
      "in_water": "2025-08-26 06:48:46 +0000"
    },
    "done": true
  },
  "biomesoplenty:recipes/transportation/willow_boat": {
    "criteria": {
      "in_water": "2025-08-26 06:48:46 +0000"
    },
    "done": true
  },
  "aether:recipes/transportation/skyroot_boat": {
    "criteria": {
      "in_water": "2025-08-26 06:48:46 +0000"
    },
    "done": true
  },
  "regions_unexplored:recipes/transportation/magnolia_boat": {
    "criteria": {
      "in_water": "2025-08-26 06:48:46 +0000"
    },
    "done": true
  },
  "minecraft:recipes/transportation/cherry_boat": {
    "criteria": {
      "in_water": "2025-08-26 06:48:46 +0000"
    },
    "done": true
  },
  "biomesoplenty:recipes/transportation/dead_boat": {
    "criteria": {
      "in_water": "2025-08-26 06:48:46 +0000"
    },
    "done": true
  },
  "biomesoplenty:recipes/transportation/magic_boat": {
    "criteria": {
      "in_water": "2025-08-26 06:48:46 +0000"
    },
    "done": true
  },
  "biomeswevegone:recipes/transportation/rainbow_eucalyptus_boat": {
    "criteria": {
      "in_water": "2025-08-26 06:48:46 +0000"
    },
    "done": true
  },
  "biomeswevegone:recipes/transportation/aspen_boat": {
    "criteria": {
      "in_water": "2025-08-26 06:48:46 +0000"
    },
    "done": true
  },
  "biomesoplenty:recipes/transportation/pine_boat": {
    "criteria": {
      "in_water": "2025-08-26 06:48:46 +0000"
    },
    "done": true
  },
  "minecraft:recipes/transportation/acacia_boat": {
    "criteria": {
      "in_water": "2025-08-26 06:48:46 +0000"
    },
    "done": true
  },
  "biomeswevegone:recipes/transportation/fir_boat": {
    "criteria": {
      "in_water": "2025-08-26 06:48:46 +0000"
    },
    "done": true
  },
  "biomeswevegone:recipes/transportation/redwood_boat": {
    "criteria": {
      "in_water": "2025-08-26 06:48:46 +0000"
    },
    "done": true
  },
  "biomeswevegone:recipes/transportation/cypress_boat": {
    "criteria": {
      "in_water": "2025-08-26 06:48:46 +0000"
    },
    "done": true
  },
  "minecraft:recipes/transportation/jungle_boat": {
    "criteria": {
      "in_water": "2025-08-26 06:48:46 +0000"
    },
    "done": true
  },
  "biomeswevegone:recipes/transportation/holly_boat": {
    "criteria": {
      "in_water": "2025-08-26 06:48:46 +0000"
    },
    "done": true
  },
  "regions_unexplored:recipes/transportation/pine_boat": {
    "criteria": {
      "in_water": "2025-08-26 06:48:46 +0000"
    },
    "done": true
  },
  "biomesoplenty:recipes/transportation/fir_boat": {
    "criteria": {
      "in_water": "2025-08-26 06:48:46 +0000"
    },
    "done": true
  },
  "regions_unexplored:recipes/transportation/socotra_boat": {
    "criteria": {
      "in_water": "2025-08-26 06:48:46 +0000"
    },
    "done": true
  },
  "biomesoplenty:recipes/transportation/maple_boat": {
    "criteria": {
      "in_water": "2025-08-26 06:48:46 +0000"
    },
    "done": true
  },
  "minecraft:recipes/transportation/spruce_boat": {
    "criteria": {
      "in_water": "2025-08-26 06:48:46 +0000"
    },
    "done": true
  },
  "regions_unexplored:recipes/transportation/dead_boat": {
    "criteria": {
      "in_water": "2025-08-26 06:48:46 +0000"
    },
    "done": true
  },
  "biomesoplenty:recipes/transportation/redwood_boat": {
    "criteria": {
      "in_water": "2025-08-26 06:48:46 +0000"
    },
    "done": true
  },
  "biomeswevegone:recipes/transportation/blue_enchanted_boat": {
    "criteria": {
      "in_water": "2025-08-26 06:48:46 +0000"
    },
    "done": true
  },
  "minecraft:recipes/transportation/mangrove_boat": {
    "criteria": {
      "in_water": "2025-08-26 06:48:46 +0000"
    },
    "done": true
  },
  "biomesoplenty:recipes/transportation/hellbark_boat": {
    "criteria": {
      "in_water": "2025-08-26 06:48:46 +0000"
    },
    "done": true
  },
  "biomesoplenty:recipes/transportation/jacaranda_boat": {
    "criteria": {
      "in_water": "2025-08-26 06:48:46 +0000"
    },
    "done": true
  },
  "biomesoplenty:recipes/transportation/palm_boat": {
    "criteria": {
      "in_water": "2025-08-26 06:48:46 +0000"
    },
    "done": true
  },
  "biomeswevegone:recipes/transportation/green_enchanted_boat": {
    "criteria": {
      "in_water": "2025-08-26 06:48:46 +0000"
    },
    "done": true
  },
  "biomesoplenty:recipes/transportation/empyreal_boat": {
    "criteria": {
      "in_water": "2025-08-26 06:48:46 +0000"
    },
    "done": true
  },
  "regions_unexplored:recipes/transportation/baobab_boat": {
    "criteria": {
      "in_water": "2025-08-26 06:48:46 +0000"
    },
    "done": true
  },
  "regions_unexplored:recipes/transportation/joshua_boat": {
    "criteria": {
      "in_water": "2025-08-26 06:48:46 +0000"
    },
    "done": true
  },
  "minecraft:recipes/transportation/dark_oak_boat": {
    "criteria": {
      "in_water": "2025-08-26 06:48:46 +0000"
    },
    "done": true
  },
  "biomeswevegone:recipes/transportation/willow_boat": {
    "criteria": {
      "in_water": "2025-08-26 06:48:46 +0000"
    },
    "done": true
  },
  "biomeswevegone:recipes/transportation/pine_boat": {
    "criteria": {
      "in_water": "2025-08-26 06:48:46 +0000"
    },
    "done": true
  },
  "biomesoplenty:recipes/transportation/umbran_boat": {
    "criteria": {
      "in_water": "2025-08-26 06:48:46 +0000"
    },
    "done": true
  },
  "minecraft:recipes/transportation/bamboo_raft": {
    "criteria": {
      "in_water": "2025-08-26 06:48:46 +0000"
    },
    "done": true
  },
  "regions_unexplored:recipes/transportation/kapok_boat": {
    "criteria": {
      "in_water": "2025-08-26 06:48:46 +0000"
    },
    "done": true
  },
  "regions_unexplored:recipes/transportation/cypress_boat": {
    "criteria": {
      "in_water": "2025-08-26 06:48:46 +0000"
    },
    "done": true
  },
  "regions_unexplored:recipes/transportation/larch_boat": {
    "criteria": {
      "in_water": "2025-08-26 06:48:46 +0000"
    },
    "done": true
  },
  "biomeswevegone:recipes/transportation/mahogany_boat": {
    "criteria": {
      "in_water": "2025-08-26 06:48:46 +0000"
    },
    "done": true
  },
  "biomeswevegone:recipes/transportation/baobab_boat": {
    "criteria": {
      "in_water": "2025-08-26 06:48:46 +0000"
    },
    "done": true
  },
  "biomeswevegone:recipes/transportation/skyris_boat": {
    "criteria": {
      "in_water": "2025-08-26 06:48:46 +0000"
    },
    "done": true
  },
  "biomeswevegone:recipes/transportation/white_mangrove_boat": {
    "criteria": {
      "in_water": "2025-08-26 06:48:46 +0000"
    },
    "done": true
  },
  "biomeswevegone:recipes/transportation/cika_boat": {
    "criteria": {
      "in_water": "2025-08-26 06:48:46 +0000"
    },
    "done": true
  },
  "biomeswevegone:recipes/transportation/ebony_boat": {
    "criteria": {
      "in_water": "2025-08-26 06:48:46 +0000"
    },
    "done": true
  },
  "regions_unexplored:recipes/transportation/blackwood_boat": {
    "criteria": {
      "in_water": "2025-08-26 06:48:46 +0000"
    },
    "done": true
  },
  "regions_unexplored:recipes/transportation/eucalyptus_boat": {
    "criteria": {
      "in_water": "2025-08-26 06:48:46 +0000"
    },
    "done": true
  },
  "biomeswevegone:recipes/transportation/maple_boat": {
    "criteria": {
      "in_water": "2025-08-26 06:48:46 +0000"
    },
    "done": true
  },
  "biomeswevegone:recipes/transportation/sakura_boat": {
    "criteria": {
      "in_water": "2025-08-26 06:48:46 +0000"
    },
    "done": true
  },
  "regions_unexplored:recipes/transportation/palm_boat": {
    "criteria": {
      "in_water": "2025-08-26 06:48:46 +0000"
    },
    "done": true
  },
  "biomeswevegone:recipes/transportation/florus_boat": {
    "criteria": {
      "in_water": "2025-08-26 06:48:46 +0000"
    },
    "done": true
  },
  "regions_unexplored:recipes/transportation/oak_boat": {
    "criteria": {
      "in_water": "2025-08-26 06:48:46 +0000"
    },
    "done": true
  },
  "minecraft:recipes/transportation/birch_boat": {
    "criteria": {
      "in_water": "2025-08-26 06:48:46 +0000"
    },
    "done": true
  },
  "minecraft:recipes/transportation/oak_boat": {
    "criteria": {
      "in_water": "2025-08-26 06:48:46 +0000"
    },
    "done": true
  },
  "biomeswevegone:recipes/transportation/witch_hazel_boat": {
    "criteria": {
      "in_water": "2025-08-26 06:48:46 +0000"
    },
    "done": true
  },
  "biomeswevegone:recipes/transportation/jacaranda_boat": {
    "criteria": {
      "in_water": "2025-08-26 06:48:46 +0000"
    },
    "done": true
  },
  "regions_unexplored:recipes/transportation/mauve_boat": {
    "criteria": {
      "in_water": "2025-08-26 06:48:46 +0000"
    },
    "done": true
  },
  "regions_unexplored:recipes/transportation/redwood_boat": {
    "criteria": {
      "in_water": "2025-08-26 06:48:46 +0000"
    },
    "done": true
  },
  "biomeswevegone:recipes/transportation/palm_boat": {
    "criteria": {
      "in_water": "2025-08-26 06:48:46 +0000"
    },
    "done": true
  },
  "biomesoplenty:recipes/transportation/mahogany_boat": {
    "criteria": {
      "in_water": "2025-08-26 06:48:46 +0000"
    },
    "done": true
  },
  "biomeswevegone:recipes/transportation/zelkova_boat": {
    "criteria": {
      "in_water": "2025-08-26 06:48:46 +0000"
    },
    "done": true
  },
  "biomeswevegone:recipes/transportation/ironwood_boat": {
    "criteria": {
      "in_water": "2025-08-26 06:48:46 +0000"
    },
    "done": true
  },
  "regions_unexplored:recipes/transportation/willow_boat": {
    "criteria": {
      "in_water": "2025-08-26 06:48:46 +0000"
    },
    "done": true
  },
  "minecraft:recipes/building_blocks/smooth_stone_slab": {
    "criteria": {
      "has_smooth_stone": "2025-08-26 06:56:54 +0000"
    },
    "done": true
  },
  "minecraft:recipes/decorations/blast_furnace": {
    "criteria": {
      "has_smooth_stone": "2025-08-26 06:56:54 +0000"
    },
    "done": true
  },
  "minecraft:recipes/building_blocks/smooth_stone_slab_from_smooth_stone_stonecutting": {
    "criteria": {
      "has_smooth_stone": "2025-08-26 06:56:54 +0000"
    },
    "done": true
  },
  "candlelight:recipes/chocolate_box": {
    "criteria": {
      "has_chest": "2025-08-26 07:02:01 +0000"
    },
    "done": true
  },
  "securitycraft:recipes/building_blocks/secret_birch_sign_item": {
    "criteria": {
      "has_sign": "2025-08-26 07:03:01 +0000"
    },
    "done": true
  },
  "securitycraft:recipes/building_blocks/secret_birch_hanging_sign": {
    "criteria": {
      "has_sign": "2025-08-26 07:03:01 +0000"
    },
    "done": true
  },
  "securitycraft:recipes/building_blocks/secret_cherry_hanging_sign": {
    "criteria": {
      "has_sign": "2025-08-26 07:03:01 +0000"
    },
    "done": true
  },
  "securitycraft:recipes/building_blocks/secret_acacia_sign_item": {
    "criteria": {
      "has_sign": "2025-08-26 07:03:01 +0000"
    },
    "done": true
  },
  "securitycraft:recipes/building_blocks/secret_jungle_sign_item": {
    "criteria": {
      "has_sign": "2025-08-26 07:03:01 +0000"
    },
    "done": true
  },
  "securitycraft:recipes/building_blocks/secret_acacia_hanging_sign": {
    "criteria": {
      "has_sign": "2025-08-26 07:03:01 +0000"
    },
    "done": true
  },
  "securitycraft:recipes/building_blocks/secret_sign_item": {
    "criteria": {
      "has_sign": "2025-08-26 07:03:01 +0000"
    },
    "done": true
  },
  "securitycraft:recipes/building_blocks/secret_mangrove_hanging_sign": {
    "criteria": {
      "has_sign": "2025-08-26 07:03:01 +0000"
    },
    "done": true
  },
  "securitycraft:recipes/building_blocks/secret_warped_sign_item": {
    "criteria": {
      "has_sign": "2025-08-26 07:03:01 +0000"
    },
    "done": true
  },
  "securitycraft:recipes/building_blocks/secret_jungle_hanging_sign": {
    "criteria": {
      "has_sign": "2025-08-26 07:03:01 +0000"
    },
    "done": true
  },
  "securitycraft:recipes/building_blocks/secret_dark_oak_sign_item": {
    "criteria": {
      "has_sign": "2025-08-26 07:03:01 +0000"
    },
    "done": true
  },
  "securitycraft:recipes/building_blocks/secret_cherry_sign_item": {
    "criteria": {
      "has_sign": "2025-08-26 07:03:01 +0000"
    },
    "done": true
  },
  "securitycraft:recipes/building_blocks/secret_oak_hanging_sign": {
    "criteria": {
      "has_sign": "2025-08-26 07:03:01 +0000"
    },
    "done": true
  },
  "securitycraft:recipes/building_blocks/secret_spruce_hanging_sign": {
    "criteria": {
      "has_sign": "2025-08-26 07:03:01 +0000"
    },
    "done": true
  },
  "securitycraft:recipes/building_blocks/secret_warped_hanging_sign": {
    "criteria": {
      "has_sign": "2025-08-26 07:03:01 +0000"
    },
    "done": true
  },
  "securitycraft:recipes/building_blocks/secret_dark_oak_hanging_sign": {
    "criteria": {
      "has_sign": "2025-08-26 07:03:01 +0000"
    },
    "done": true
  },
  "securitycraft:recipes/building_blocks/secret_crimson_sign_item": {
    "criteria": {
      "has_sign": "2025-08-26 07:03:01 +0000"
    },
    "done": true
  },
  "securitycraft:recipes/building_blocks/secret_crimson_hanging_sign": {
    "criteria": {
      "has_sign": "2025-08-26 07:03:01 +0000"
    },
    "done": true
  },
  "securitycraft:recipes/building_blocks/secret_spruce_sign_item": {
    "criteria": {
      "has_sign": "2025-08-26 07:03:01 +0000"
    },
    "done": true
  },
  "securitycraft:recipes/building_blocks/secret_mangrove_sign_item": {
    "criteria": {
      "has_sign": "2025-08-26 07:03:01 +0000"
    },
    "done": true
  },
  "securitycraft:recipes/building_blocks/secret_bamboo_hanging_sign": {
    "criteria": {
      "has_sign": "2025-08-26 07:03:01 +0000"
    },
    "done": true
  },
  "securitycraft:recipes/building_blocks/secret_bamboo_sign_item": {
    "criteria": {
      "has_sign": "2025-08-26 07:03:01 +0000"
    },
    "done": true
  },
  "farm_and_charm:recipes/cooking_pot": {
    "criteria": {
      "has_iron_ingot": "2025-08-26 07:03:26 +0000"
    },
    "done": true
  },
  "minecraft:recipes/combat/iron_helmet": {
    "criteria": {
      "has_iron_ingot": "2025-08-26 07:03:26 +0000"
    },
    "done": true
  },
  "bakery:recipes/quartz_stove": {
    "criteria": {
      "has_iron_ingot": "2025-08-26 07:03:26 +0000"
    },
    "done": true
  },
  "securitycraft:recipes/decorations/floor_trap": {
    "criteria": {
      "has_iron": "2025-08-26 07:03:26 +0000"
    },
    "done": true
  },
  "immersive_aircraft:misc/aircraftery": {
    "criteria": {
      "has_item": "2025-08-26 07:03:26 +0000"
    },
    "done": true
  },
  "candlelight:recipes/oak_big_table": {
    "criteria": {
      "has_iron_ingot": "2025-08-26 07:03:26 +0000"
    },
    "done": true
  },
  "securitycraft:recipes/transportation/track_mine": {
    "criteria": {
      "has_iron": "2025-08-26 07:03:26 +0000"
    },
    "done": true
  },
  "create:recipes/misc/crafting/materials/andesite_alloy": {
    "criteria": {
      "has_item": "2025-08-26 07:03:26 +0000"
    },
    "done": true
  },
  "bakery:recipes/bread_knife": {
    "criteria": {
      "has_iron_ingot": "2025-08-26 07:03:26 +0000"
    },
    "done": true
  },
  "herbalbrews:recipes/tea_kettle": {
    "criteria": {
      "has_iron_ingot": "2025-08-26 07:03:26 +0000"
    },
    "done": true
  },
  "bakery:recipes/iron_chair": {
    "criteria": {
      "has_iron_ingot": "2025-08-26 07:03:26 +0000"
    },
    "done": true
  },
  "minecraft:recipes/redstone/hopper": {
    "criteria": {
      "has_iron_ingot": "2025-08-26 07:03:26 +0000"
    },
    "done": true
  },
  "securitycraft:recipes/redstone/reinforced_fence_gate": {
    "criteria": {
      "has_iron": "2025-08-26 07:03:26 +0000"
    },
    "done": true
  },
  "aether:recipes/combat/iron_gloves": {
    "criteria": {
      "has_iron": "2025-08-26 07:03:26 +0000"
    },
    "done": true
  },
  "bakery:recipes/faucet": {
    "criteria": {
      "has_iron_ingot": "2025-08-26 07:03:26 +0000"
    },
    "done": true
  },
  "securitycraft:recipes/misc/keycard_lv5": {
    "criteria": {
      "has_iron": "2025-08-26 07:03:26 +0000"
    },
    "done": true
  },
  "securitycraft:recipes/misc/keycard_lv3": {
    "criteria": {
      "has_iron": "2025-08-26 07:03:26 +0000"
    },
    "done": true
  },
  "securitycraft:recipes/misc/keycard_lv4": {
    "criteria": {
      "has_iron": "2025-08-26 07:03:26 +0000"
    },
    "done": true
  },
  "securitycraft:recipes/misc/keycard_lv1": {
    "criteria": {
      "has_iron": "2025-08-26 07:03:26 +0000"
    },
    "done": true
  },
  "securitycraft:recipes/misc/keycard_lv2": {
    "criteria": {
      "has_iron": "2025-08-26 07:03:26 +0000"
    },
    "done": true
  },
  "minecraft:recipes/combat/iron_boots": {
    "criteria": {
      "has_iron_ingot": "2025-08-26 07:03:26 +0000"
    },
    "done": true
  },
  "securitycraft:recipes/misc/mine": {
    "criteria": {
      "has_iron": "2025-08-26 07:03:26 +0000"
    },
    "done": true
  },
  "candlelight:recipes/crimson_big_table": {
    "criteria": {
      "has_iron_ingot": "2025-08-26 07:03:26 +0000"
    },
    "done": true
  },
  "minecraft:recipes/redstone/iron_trapdoor": {
    "criteria": {
      "has_iron_ingot": "2025-08-26 07:03:26 +0000"
    },
    "done": true
  },
  "create:recipes/building_blocks/weathered_iron_block_from_ingots_iron_stonecutting": {
    "criteria": {
      "has_ingots_iron": "2025-08-26 07:03:26 +0000"
    },
    "done": true
  },
  "securitycraft:recipes/misc/speed_module": {
    "criteria": {
      "has_iron": "2025-08-26 07:03:26 +0000"
    },
    "done": true
  },
  "farmersdelight:recipes/combat/iron_knife": {
    "criteria": {
      "has_iron_ingot": "2025-08-26 07:03:26 +0000"
    },
    "done": true
  },
  "vinery:recipes/big_table": {
    "criteria": {
      "has_iron_ingot": "2025-08-26 07:03:26 +0000"
    },
    "done": true
  },
  "candlelight:recipes/dark_oak_big_table": {
    "criteria": {
      "has_iron_ingot": "2025-08-26 07:03:26 +0000"
    },
    "done": true
  },
  "candlelight:recipes/warped_big_table": {
    "criteria": {
      "has_iron_ingot": "2025-08-26 07:03:26 +0000"
    },
    "done": true
  },
  "securitycraft:recipes/misc/door_indestructible_iron_item": {
    "criteria": {
      "has_iron": "2025-08-26 07:03:26 +0000"
    },
    "done": true
  },
  "securitycraft:recipes/misc/blacklist_module": {
    "criteria": {
      "has_iron": "2025-08-26 07:03:26 +0000"
    },
    "done": true
  },
  "minecraft:recipes/combat/iron_chestplate": {
    "criteria": {
      "has_iron_ingot": "2025-08-26 07:03:26 +0000"
    },
    "done": true
  },
  "securitycraft:recipes/misc/limited_use_keycard": {
    "criteria": {
      "has_iron": "2025-08-26 07:03:26 +0000"
    },
    "done": true
  },
  "securitycraft:recipes/misc/bouncing_betty": {
    "criteria": {
      "has_iron": "2025-08-26 07:03:26 +0000"
    },
    "done": true
  },
  "minecraft:recipes/misc/iron_nugget": {
    "criteria": {
      "has_iron_ingot": "2025-08-26 07:03:26 +0000"
    },
    "done": true
  },
  "minecraft:recipes/misc/bucket": {
    "criteria": {
      "has_iron_ingot": "2025-08-26 07:03:26 +0000"
    },
    "done": true
  },
  "securitycraft:recipes/redstone/block_change_detector": {
    "criteria": {
      "has_iron": "2025-08-26 07:03:26 +0000"
    },
    "done": true
  },
  "minecraft:story/smelt_iron": {
    "criteria": {
      "iron": "2025-08-26 07:03:26 +0000"
    },
    "done": true
  },
  "farm_and_charm:recipes/supply_cart": {
    "criteria": {
      "has_iron_ingot": "2025-08-26 07:03:26 +0000"
    },
    "done": true
  },
  "create:recipes/misc/crafting/kinetics/empty_blaze_burner": {
    "criteria": {
      "has_item": "2025-08-26 07:03:26 +0000"
    },
    "done": true
  },
  "minecraft:recipes/combat/iron_sword": {
    "criteria": {
      "has_iron_ingot": "2025-08-26 07:03:26 +0000"
    },
    "done": true
  },
  "minecraft:recipes/tools/iron_pickaxe": {
    "criteria": {
      "has_iron_ingot": "2025-08-26 07:03:26 +0000"
    },
    "done": true
  },
  "minecraft:recipes/combat/shield": {
    "criteria": {
      "has_iron_ingot": "2025-08-26 07:03:26 +0000"
    },
    "done": true
  },
  "minecraft:recipes/decorations/iron_bars": {
    "criteria": {
      "has_iron_ingot": "2025-08-26 07:03:26 +0000"
    },
    "done": true
  },
  "bakery:recipes/iron_table": {
    "criteria": {
      "has_iron_ingot": "2025-08-26 07:03:26 +0000"
    },
    "done": true
  },
  "aether:recipes/decorations/skyroot_smithing_table": {
    "criteria": {
      "has_iron_ingot": "2025-08-26 07:03:26 +0000"
    },
    "done": true
  },
  "candlelight:recipes/faucet": {
    "criteria": {
      "has_iron_ingot": "2025-08-26 07:03:26 +0000"
    },
    "done": true
  },
  "aether:recipes/combat/skyroot_iron_vanilla_shield": {
    "criteria": {
      "has_iron_ingot": "2025-08-26 07:03:26 +0000"
    },
    "done": true
  },
  "beachparty:recipes/mini_fridge": {
    "criteria": {
      "has_iron_ingot": "2025-08-26 07:03:26 +0000"
    },
    "done": true
  },
  "meadow:recipes/cooking_pot": {
    "criteria": {
      "has_iron_ingot": "2025-08-26 07:03:26 +0000"
    },
    "done": true
  },
  "farm_and_charm:recipes/feeding_trough": {
    "criteria": {
      "has_iron_ingot": "2025-08-26 07:03:26 +0000"
    },
    "done": true
  },
  "securitycraft:recipes/misc/smart_module": {
    "criteria": {
      "has_iron": "2025-08-26 07:03:26 +0000"
    },
    "done": true
  },
  "bakery:recipes/end_bricks_stove": {
    "criteria": {
      "has_iron_ingot": "2025-08-26 07:03:26 +0000"
    },
    "done": true
  },
  "farm_and_charm:recipes/water_sprinkler": {
    "criteria": {
      "has_iron_ingot": "2025-08-26 07:03:26 +0000"
    },
    "done": true
  },
  "minecraft:recipes/tools/iron_axe": {
    "criteria": {
      "has_iron_ingot": "2025-08-26 07:03:26 +0000"
    },
    "done": true
  },
  "farm_and_charm:recipes/crafting_bowl": {
    "criteria": {
      "has_iron_ingot": "2025-08-26 07:03:26 +0000"
    },
    "done": true
  },
  "candlelight:recipes/mangrove_big_table": {
    "criteria": {
      "has_iron_ingot": "2025-08-26 07:03:26 +0000"
    },
    "done": true
  },
  "farm_and_charm:recipes/toolrack": {
    "criteria": {
      "has_iron_ingot": "2025-08-26 07:03:26 +0000"
    },
    "done": true
  },
  "meadow:recipes/oil_lantern": {
    "criteria": {
      "has_iron_nugget": "2025-08-26 07:03:26 +0000"
    },
    "done": true
  },
  "create:recipes/building_blocks/industrial_iron_block_from_ingots_iron_stonecutting": {
    "criteria": {
      "has_ingots_iron": "2025-08-26 07:03:26 +0000"
    },
    "done": true
  },
  "minecraft:recipes/redstone/iron_door": {
    "criteria": {
      "has_iron_ingot": "2025-08-26 07:03:26 +0000"
    },
    "done": true
  },
  "bakery:recipes/stone_bricks_stove": {
    "criteria": {
      "has_iron_ingot": "2025-08-26 07:03:26 +0000"
    },
    "done": true
  },
  "securitycraft:recipes/misc/sentry": {
    "criteria": {
      "has_iron": "2025-08-26 07:03:26 +0000"
    },
    "done": true
  },
  "aether:recipes/combat/iron_pendant": {
    "criteria": {
      "has_iron_ingot": "2025-08-26 07:03:26 +0000"
    },
    "done": true
  },
  "bakery:recipes/mud_bricks_stove": {
    "criteria": {
      "has_iron_ingot": "2025-08-26 07:03:26 +0000"
    },
    "done": true
  },
  "candlelight:recipes/bamboo_big_table": {
    "criteria": {
      "has_iron_ingot": "2025-08-26 07:03:26 +0000"
    },
    "done": true
  },
  "farm_and_charm:recipes/plow": {
    "criteria": {
      "has_iron_ingot": "2025-08-26 07:03:26 +0000"
    },
    "done": true
  },
  "securitycraft:recipes/misc/storage_module": {
    "criteria": {
      "has_iron": "2025-08-26 07:03:26 +0000"
    },
    "done": true
  },
  "minecraft:recipes/tools/shears": {
    "criteria": {
      "has_iron_ingot": "2025-08-26 07:03:26 +0000"
    },
    "done": true
  },
  "farm_and_charm:recipes/mincer": {
    "criteria": {
      "has_iron_ingot": "2025-08-26 07:03:26 +0000"
    },
    "done": true
  },
  "minecraft:recipes/building_blocks/iron_block": {
    "criteria": {
      "has_iron_ingot": "2025-08-26 07:03:26 +0000"
    },
    "done": true
  },
  "farmersdelight:recipes/decorations/cooking_pot": {
    "criteria": {
      "has_iron_ingot": "2025-08-26 07:03:26 +0000"
    },
    "done": true
  },
  "meadow:recipes/wooden_cauldron": {
    "criteria": {
      "has_iron_ingot": "2025-08-26 07:03:26 +0000"
    },
    "done": true
  },
  "securitycraft:recipes/misc/whitelist_module": {
    "criteria": {
      "has_iron": "2025-08-26 07:03:26 +0000"
    },
    "done": true
  },
  "candlelight:recipes/spruce_big_table": {
    "criteria": {
      "has_iron_ingot": "2025-08-26 07:03:26 +0000"
    },
    "done": true
  },
  "securitycraft:recipes/misc/security_camera": {
    "criteria": {
      "has_iron": "2025-08-26 07:03:26 +0000"
    },
    "done": true
  },
  "candlelight:recipes/cherry_big_table": {
    "criteria": {
      "has_iron_ingot": "2025-08-26 07:03:26 +0000"
    },
    "done": true
  },
  "securitycraft:recipes/misc/briefcase": {
    "criteria": {
      "has_iron": "2025-08-26 07:03:26 +0000"
    },
    "done": true
  },
  "securitycraft:recipes/misc/electrified_iron_fence": {
    "criteria": {
      "has_iron": "2025-08-26 07:03:26 +0000"
    },
    "done": true
  },
  "bakery:recipes/granite_stove": {
    "criteria": {
      "has_iron_ingot": "2025-08-26 07:03:26 +0000"
    },
    "done": true
  },
  "minecraft:recipes/decorations/lantern": {
    "criteria": {
      "has_iron_ingot": "2025-08-26 07:03:26 +0000"
    },
    "done": true
  },
  "minecraft:recipes/tools/iron_shovel": {
    "criteria": {
      "has_iron_ingot": "2025-08-26 07:03:26 +0000"
    },
    "done": true
  },
  "farm_and_charm:recipes/roaster": {
    "criteria": {
      "has_iron_ingot": "2025-08-26 07:03:26 +0000"
    },
    "done": true
  },
  "securitycraft:recipes/misc/trophy_system": {
    "criteria": {
      "has_iron": "2025-08-26 07:03:26 +0000"
    },
    "done": true
  },
  "meadow:recipes/can": {
    "criteria": {
      "has_iron_ingot": "2025-08-26 07:03:26 +0000"
    },
    "done": true
  },
  "bakery:recipes/sandstone_stove": {
    "criteria": {
      "has_iron_ingot": "2025-08-26 07:03:26 +0000"
    },
    "done": true
  },
  "herbalbrews:recipes/cauldron": {
    "criteria": {
      "has_iron_ingot": "2025-08-26 07:03:26 +0000"
    },
    "done": true
  },
  "minecraft:recipes/combat/crossbow": {
    "criteria": {
      "has_iron_ingot": "2025-08-26 07:03:26 +0000"
    },
    "done": true
  },
  "securitycraft:recipes/misc/camera_monitor": {
    "criteria": {
      "has_iron": "2025-08-26 07:03:26 +0000"
    },
    "done": true
  },
  "securitycraft:recipes/misc/redstone_module": {
    "criteria": {
      "has_iron": "2025-08-26 07:03:26 +0000"
    },
    "done": true
  },
  "securitycraft:recipes/tools/universal_block_remover": {
    "criteria": {
      "has_iron": "2025-08-26 07:03:26 +0000"
    },
    "done": true
  },
  "minecraft:recipes/redstone/heavy_weighted_pressure_plate": {
    "criteria": {
      "has_iron_ingot": "2025-08-26 07:03:26 +0000"
    },
    "done": true
  },
  "minecraft:recipes/combat/iron_leggings": {
    "criteria": {
      "has_iron_ingot": "2025-08-26 07:03:26 +0000"
    },
    "done": true
  },
  "bakery:recipes/small_cooking_pot": {
    "criteria": {
      "has_iron_ingot": "2025-08-26 07:03:26 +0000"
    },
    "done": true
  },
  "candlelight:recipes/birch_big_table": {
    "criteria": {
      "has_iron_ingot": "2025-08-26 07:03:26 +0000"
    },
    "done": true
  },
  "candlelight:recipes/acacia_big_table": {
    "criteria": {
      "has_iron_ingot": "2025-08-26 07:03:26 +0000"
    },
    "done": true
  },
  "bakery:recipes/kitchen_sink": {
    "criteria": {
      "has_iron_ingot": "2025-08-26 07:03:26 +0000"
    },
    "done": true
  },
  "securitycraft:recipes/misc/disguise_module": {
    "criteria": {
      "has_iron": "2025-08-26 07:03:26 +0000"
    },
    "done": true
  },
  "minecraft:recipes/transportation/minecart": {
    "criteria": {
      "has_iron_ingot": "2025-08-26 07:03:26 +0000"
    },
    "done": true
  },
  "minecraft:recipes/tools/iron_hoe": {
    "criteria": {
      "has_iron_ingot": "2025-08-26 07:03:26 +0000"
    },
    "done": true
  },
  "minecraft:recipes/decorations/chain": {
    "criteria": {
      "has_iron_ingot": "2025-08-26 07:03:26 +0000"
    },
    "done": true
  },
  "bakery:recipes/red_nether_bricks_stove": {
    "criteria": {
      "has_iron_ingot": "2025-08-26 07:03:26 +0000"
    },
    "done": true
  },
  "minecraft:recipes/decorations/smithing_table": {
    "criteria": {
      "has_iron_ingot": "2025-08-26 07:03:26 +0000"
    },
    "done": true
  },
  "candlelight:recipes/typewriter_iron": {
    "criteria": {
      "has_iron_ingot": "2025-08-26 07:03:26 +0000"
    },
    "done": true
  },
  "opposing_force:recipes/combat/tomahawk": {
    "criteria": {
      "has_iron_ingot": "2025-08-26 07:03:26 +0000"
    },
    "done": true
  },
  "bakery:recipes/cobblestone_stove": {
    "criteria": {
      "has_iron_ingot": "2025-08-26 07:03:26 +0000"
    },
    "done": true
  },
  "bakery:recipes/deepslate_stove": {
    "criteria": {
      "has_iron_ingot": "2025-08-26 07:03:26 +0000"
    },
    "done": true
  },
  "candlelight:recipes/jungle_big_table": {
    "criteria": {
      "has_iron_ingot": "2025-08-26 07:03:26 +0000"
    },
    "done": true
  },
  "securitycraft:recipes/misc/harming_module": {
    "criteria": {
      "has_iron": "2025-08-26 07:03:26 +0000"
    },
    "done": true
  },
  "aether:recipes/combat/iron_ring": {
    "criteria": {
      "has_iron_ingot": "2025-08-26 07:03:26 +0000"
    },
    "done": true
  },
  "aether:recipes/tools/diamond_pickaxe_repairing": {
    "criteria": {
      "has_diamond_pickaxe": "2025-08-26 07:04:33 +0000"
    },
    "done": true
  },
  "aether:recipes/tools/iron_pickaxe_repairing": {
    "criteria": {
      "has_iron_pickaxe": "2025-08-26 07:04:36 +0000"
    },
    "done": true
  },
  "minecraft:recipes/misc/iron_nugget_from_smelting": {
    "criteria": {
      "has_iron_pickaxe": "2025-08-26 07:04:36 +0000"
    },
    "done": true
  },
  "minecraft:story/iron_tools": {
    "criteria": {
      "iron_pickaxe": "2025-08-26 07:04:36 +0000"
    },
    "done": true
  },
  "minecraft:recipes/misc/iron_nugget_from_blasting": {
    "criteria": {
      "has_iron_pickaxe": "2025-08-26 07:04:36 +0000"
    },
    "done": true
  },
  "aether:recipes/combat/iron_helmet_repairing": {
    "criteria": {
      "has_iron_helmet": "2025-08-26 07:04:55 +0000"
    },
    "done": true
  },
  "minecraft:story/obtain_armor": {
    "criteria": {
      "iron_helmet": "2025-08-26 07:04:55 +0000"
    },
    "done": true
  },
  "aether:recipes/combat/iron_chestplate_repairing": {
    "criteria": {
      "has_iron_chestplate": "2025-08-26 07:04:56 +0000"
    },
    "done": true
  },
  "aether:recipes/combat/iron_leggings_repairing": {
    "criteria": {
      "has_iron_leggings": "2025-08-26 07:04:58 +0000"
    },
    "done": true
  },
  "aether:recipes/combat/iron_boots_repairing": {
    "criteria": {
      "has_iron_boots": "2025-08-26 07:05:00 +0000"
    },
    "done": true
  },
  "minecraft:recipes/decorations/chest": {
    "criteria": {
      "has_lots_of_items": "2025-08-26 07:05:21 +0000"
    },
    "done": true
  },
  "aether:recipes/decorations/skyroot_chest": {
    "criteria": {
      "has_lots_of_items": "2025-08-26 07:05:21 +0000"
    },
    "done": true
  },
  "aether:recipes/misc/aether_iron_nugget_from_smelting": {
    "criteria": {
      "has_iron_gloves": "2025-08-26 07:08:17 +0000"
    },
    "done": true
  },
  "aether:recipes/misc/aether_iron_nugget_from_blasting": {
    "criteria": {
      "has_iron_gloves": "2025-08-26 07:08:17 +0000"
    },
    "done": true
  },
  "aether:recipes/combat/iron_gloves_repairing": {
    "criteria": {
      "has_iron_gloves": "2025-08-26 07:08:17 +0000"
    },
    "done": true
  },
  "sophisticatedbackpacks:recipes/misc/iron_backpack": {
    "criteria": {
      "has_backpack": "2025-08-26 07:08:44 +0000"
    },
    "done": true
  },
  "sophisticatedbackpacks:recipes/misc/copper_backpack": {
    "criteria": {
      "has_backpack": "2025-08-26 07:08:44 +0000"
    },
    "done": true
  },
  "aether:recipes/tools/iron_axe_repairing": {
    "criteria": {
      "has_iron_axe": "2025-08-26 07:09:50 +0000"
    },
    "done": true
  },
  "aether:recipes/tools/iron_shovel_repairing": {
    "criteria": {
      "has_iron_shovel": "2025-08-26 07:09:57 +0000"
    },
    "done": true
  },
  "aether:recipes/combat/iron_sword_repairing": {
    "criteria": {
      "has_iron_sword": "2025-08-26 07:10:26 +0000"
    },
    "done": true
  },
  "artifacts:amateur_archaeologist": {
    "criteria": {
      "find_artifact": "2025-08-26 07:16:14 +0000"
    },
    "done": true
  },
  "minecraft:adventure/root": {
    "criteria": {
      "killed_something": "2025-08-26 07:21:04 +0000"
    },
    "done": true
  },
  "opposing_force:root": {
    "criteria": {
      "root": "2025-08-26 07:21:04 +0000"
    },
    "done": true
  },
  "block_factorys_bosses:die_boss": {
    "criteria": {
      "die_boss_0": "2025-08-26 07:26:38 +0000"
    },
    "done": true
  },
  "farmersdelight:recipes/cooking/mushroom_rice": {
    "criteria": {
      "has_any_ingredient": "2025-08-29 05:56:59 +0000"
    },
    "done": true
  },
  "regions_unexplored:recipes/building_blocks/deepslate_viridescent_nylium": {
    "criteria": {
      "has_mushroom": "2025-08-29 05:56:59 +0000"
    },
    "done": true
  },
  "projectvibrantjourneys:recipes/misc/brown_dye_from_bark_mushroom": {
    "criteria": {
      "has_bark_mushroom": "2025-08-29 05:56:59 +0000"
    },
    "done": true
  },
  "biomeswevegone:recipes/building_blocks/ebony_wood": {
    "criteria": {
      "has_log": "2025-08-29 05:58:52 +0000"
    },
    "done": true
  },
  "biomeswevegone:recipes/decorations/maple_hanging_sign": {
    "criteria": {
      "has_stripped_logs": "2025-08-29 05:59:34 +0000"
    },
    "done": true
  },
  "biomeswevegone:recipes/building_blocks/ebony_planks": {
    "criteria": {
      "has_log": "2025-08-29 05:58:52 +0000"
    },
    "done": true
  },
  "minecraft:recipes/food/mushroom_stew": {
    "criteria": {
      "has_red_mushroom": "2025-08-29 05:56:59 +0000"
    },
    "done": true
  },
  "farmersdelight:recipes/cooking/rabbit_stew": {
    "criteria": {
      "has_any_ingredient": "2025-08-29 05:56:59 +0000"
    },
    "done": true
  },
  "farmersdelight:recipes/cooking/mushroom_stew": {
    "criteria": {
      "has_any_ingredient": "2025-08-29 05:56:59 +0000"
    },
    "done": true
  },
  "minecraft:recipes/misc/charcoal": {
    "criteria": {
      "has_log": "2025-08-29 05:58:52 +0000"
    },
    "done": true
  },
  "biomeswevegone:recipes/building_blocks/stripped_maple_wood": {
    "criteria": {
      "has_log": "2025-08-29 05:59:34 +0000"
    },
    "done": true
  },
  "biomeswevegone:recipes/decorations/foragers_table": {
    "criteria": {
      "has_mushrooms": "2025-08-29 05:56:59 +0000"
    },
    "done": true
  },
  "securitycraft:recipes/misc/sc_manual": {
    "criteria": {
      "has_wood": "2025-08-29 05:58:52 +0000"
    },
    "done": true
  },
  "biomeswevegone:recipes/decorations/ebony_hanging_sign": {
    "criteria": {
      "has_stripped_logs": "2025-08-29 05:58:54 +0000"
    },
    "done": true
  },
  "biomeswevegone:recipes/building_blocks/stripped_ebony_wood": {
    "criteria": {
      "has_log": "2025-08-29 05:58:54 +0000"
    },
    "done": true
  },
  "minecraft:recipes/misc/bowl": {
    "criteria": {
      "has_red_mushroom": "2025-08-29 05:56:59 +0000"
    },
    "done": true
  },
  "projectvibrantjourneys:recipes/misc/orange_dye_from_orange_bark_mushroom": {
    "criteria": {
      "has_orange_bark_mushroom": "2025-08-29 05:57:01 +0000"
    },
    "done": true
  },
  "flying_stuff:into_the_sky": {
    "criteria": {
      "into_the_sky_1": "2025-08-29 05:54:10 +0000",
      "into_the_sky_4": "2025-08-29 05:54:29 +0000"
    },
    "done": false
  },
  "regions_unexplored:recipes/building_blocks/viridescent_nylium": {
    "criteria": {
      "has_mushroom": "2025-08-29 05:56:59 +0000"
    },
    "done": true
  },
  "biomeswevegone:recipes/building_blocks/maple_planks": {
    "criteria": {
      "has_log": "2025-08-29 05:59:34 +0000"
    },
    "done": true
  },
  "DataVersion": 3465
}